{"cameraMode":{"drawMode":0,"name":"Shaded","section":"Shading Mode"},"sceneLighting":true,"audioPlay":false,"sceneViewState":{"m_AlwaysRefresh":false,"showFog":true,"showSkybox":true,"showFlares":true,"showImageEffects":true,"showParticleSystems":true,"showVisualEffectGraphs":true,"m_FxEnabled":true},"in2DMode":false,"pivot":{"x":0.5646184682846069,"y":0.3701116740703583,"z":0.13992318511009217},"rotation":{"x":0.005197986029088497,"y":0.9791740775108337,"z":-0.20135408639907838,"w":0.025269465520977975},"size":6.078110218048096,"orthographic":false}