{"cameraMode":{"drawMode":0,"name":"Shaded","section":"Shading Mode"},"sceneLighting":true,"audioPlay":false,"sceneViewState":{"m_AlwaysRefresh":false,"showFog":true,"showSkybox":true,"showFlares":true,"showImageEffects":true,"showParticleSystems":true,"showVisualEffectGraphs":true,"m_FxEnabled":true},"in2DMode":false,"pivot":{"x":17.3371524810791,"y":0.6236051917076111,"z":-2.2546725273132326},"rotation":{"x":0.014699708670377732,"y":0.7643263936042786,"z":-0.017437972128391267,"w":0.6444182395935059},"size":12.435893058776856,"orthographic":false}